date,water_level_m,water_level_m_error,surface_area_km2,surface_area_km2_error,relative_V_bcm,absolute_V_bcm,absolute_V_bcm_raw,V_fitted_bcm,V_fitted_bcm_raw,delta_V_surface
2018-12-01,554.5195007324219,0.0279999998747371,156.3550033569336,120.31500244140624,0.0,0.0,-2.180734023425969,0.0,-1.5087325392646136,
2019-01-01,560.8170166015625,0.0549999997019767,166.99400177001954,123.31400146484376,1.0179639920497838,0.0,-1.3459877633967583,0.0,-1.2425443149613216,0.0
2019-02-01,561.458984375,0.0010000000474974,177.63300018310548,126.31300048828123,1.1285661319147582,0.0,-1.255292293493536,0.0,-1.0872559547845881,0.0
2019-03-01,560.56298828125,0.0179999992251396,188.2719985961914,129.31199951171874,0.9646645091333522,0.0,-1.3896941659546653,0.0,-1.0440726837448011,0.0
2019-04-01,560.9209899902344,0.0135000002919696,198.9109970092773,132.31099853515624,1.033961873087244,0.0,-1.3328692528514863,0.0,-0.9142193762621673,0.0
2019-05-01,561.47998046875,0.0970000028610229,209.54999542236328,135.30999755859375,1.148111865255285,0.0,-1.2392644890397855,0.0,-0.7650894440569829,0.0
2019-06-01,563.0689697265625,0.0179999992251396,195.95199584960935,124.1719985961914,1.4702206218383729,0.0,-0.9751303133908278,0.0,-0.7535888772223913,0.0
2019-07-01,564.2570190429688,0.0179999992251396,182.35399627685547,113.03399963378908,1.6948953033739826,0.0,-0.790893590284877,0.0,-0.7816793499411077,0.0
2019-08-01,570.4929809570312,0.0140000004321336,168.75599670410156,101.89600067138672,2.7893758014350825,0.10659739128879187,0.10659739128879187,0.0,-0.10021851239405066,0.0
2019-09-01,564.1329956054688,0.0219999998807907,155.15799713134766,90.75800170898438,1.7596343555113656,0.0,-0.7378065635613682,0.0,-1.1162333634025785,0.0
2019-10-01,564.3109741210938,0.0080000003799796,141.55999755859375,79.62000274658203,1.7860298222158917,0.0,-0.7161618715237239,0.0,-1.2682192738035383,0.0
2019-11-01,561.9394836425781,0.0144999995827674,130.07000350952148,58.91499900817871,1.4640419356410825,0.0,-0.9801969318914456,0.0,-1.5859318232279875,0.0
2019-12-01,562.594970703125,0.0040000001899898,200.16800231933595,121.84199981689451,1.5714531692582323,0.0,-0.8921180545958971,0.0,-0.7557965654589367,0.0
2020-01-01,560.5599975585938,0.0599999986588954,172.05499649047852,113.12250137329102,1.193081852587859,0.0,-1.2023884020341549,0.0,-1.206404690892299,0.0
2020-02-01,560.5689697265625,0.0350000001490116,151.02999877929688,107.72000122070312,1.194530214935646,0.0,-1.201200722447819,0.0,-1.4261898495030039,0.0
2020-03-01,560.510009765625,0.006000000052154,134.56999969482422,111.64500045776369,1.1861153974168643,0.0,-1.2081010033099027,0.0,-1.6093535139397552,0.0
2020-04-01,560.802978515625,0.003000000026077,161.1916643778483,99.98083368937176,1.2293812392375674,0.0,-1.1726223420518322,0.0,-1.3044369195974639,0.0
2020-05-01,562.1941528320312,0.0151666668243706,187.8133290608724,88.31666692097981,1.4719088696973919,0.0,-0.973745923965146,0.0,-0.9213298518598592,0.0
2020-06-01,563.5853271484375,0.0273333336226642,214.43499374389648,76.65250015258789,1.7515031565128316,0.0,-0.744474272838503,0.0,-0.5038548067318729,0.0
2020-07-01,564.9765014648438,0.0395000004209578,241.0566584269206,64.98833338419595,2.0681567653288764,0.0,-0.4848134029567528,0.0,-0.052011784213952694,0.0
2020-08-01,567.8550109863281,0.0005000000237487,267.6783231099447,53.32416661580403,2.8000216120883197,0.115327121119289,0.115327121119289,0.6932878411803785,0.6932878411803785,0.6932878411803785
2020-09-01,566.8140258789062,0.0480000004172325,294.29998779296875,41.65999984741211,2.507625546556237,0.0,-0.12444218708451782,0.7776543310219779,0.7776543310219779,0.08436648984159945
2020-10-01,563.9290161132812,0.0089999996125698,263.0266621907552,33.96333312988281,1.7041013602461985,0.0,-0.7833444808824666,0.018218443864149947,0.018218443864149947,-0.759435887157828
2020-11-01,563.0994873046875,0.0005000000237487,236.70333353678384,24.983333269755047,1.4969270637898642,0.0,-0.9532306168280791,0.0,-0.33684051972115725,-0.018218443864149947
2020-12-01,562.448974609375,0.0359999984502792,253.93399963378903,34.9060001373291,1.3373769702402123,0.0,-1.0840641678358136,0.0,-0.25372277180807146,0.0
2021-01-01,561.8200073242188,0.0070000002160668,262.5616633097331,53.40833346048991,1.1749550871274463,0.0,-1.2172526308209095,0.0,-0.25213896198419405,0.0
2021-02-01,561.363525390625,0.0315000005066394,269.26999816894534,69.96199989318848,1.053572533493332,0.0,-1.3167882071970893,0.0,-0.248813499242722,0.0
2021-03-01,561.1019897460938,0.0099999996600672,302.66500091552734,81.65750074386597,0.9788243732194027,0.0,-1.3780828578134492,0.0,-0.027229603222167498,0.0
2021-04-01,560.8394775390625,0.0085000004619359,333.9750061035156,128.39500045776367,0.8952951922638499,0.0,-1.4465780815644882,0.14601734595596838,0.14601734595596838,0.14601734595596838
2021-05-01,564.726318359375,0.0083333337679505,278.0449981689453,52.13500022888184,2.08304834906393,0.0,-0.47260207335587245,0.273446122198294,0.273446122198294,0.12742877624232563
2021-06-01,568.6131591796875,0.008166667073965,266.3500061035156,47.36499977111816,3.1409553252445113,0.39489805309493065,0.39489805309493065,0.8196886205666374,0.8196886205666374,0.5462424983683434
2021-07-01,572.5,0.0080000003799796,334.89666748046875,65.27000045776367,4.3068908508987285,1.3509832654169123,1.3509832654169123,2.4620682638736753,2.4620682638736753,1.642379643307038
2021-08-01,582.4735107421875,0.0010000000474974,403.4433288574219,83.17500114440918,7.983511231874198,4.365868994711306,4.365868994711306,6.599976760601336,6.599976760601336,4.137908496727661
2021-09-01,581.7030029296875,0.0070000002160668,471.989990234375,101.08000183105467,7.64659227973452,4.089590229029973,4.089590229029973,7.146399172493304,7.146399172493304,0.5464224118919674
2021-10-01,580.4760131835938,0.0010000000474974,445.02500915527344,74.65750026702881,7.08408937098727,3.6283291205826753,3.6283291205826753,6.33393135224064,6.33393135224064,-0.8124678202526638
2021-11-01,577.0980021158854,0.021666665871938,405.6114283970424,51.96428571428572,5.6478740732234165,2.4506103036419633,2.4506103036419633,4.638573872058885,4.638573872058885,-1.6953574801817552
2021-12-01,576.4749755859375,0.0089999996125698,386.1374969482422,48.14499950408936,5.40125865245379,2.2483818341079367,2.2483818341079367,4.209036425982774,4.209036425982774,-0.429537446076111
2022-01-01,576.4249877929688,0.006000000052154,394.9650039672852,55.11000061035156,5.381736272991848,2.232373180196797,2.232373180196797,4.293049039225792,4.293049039225792,0.08401261324301856
2022-02-01,576.2789916992188,0.0010000000474974,437.1266682942708,103.09666442871094,5.321021213878472,2.1825858901569104,2.1825858901569104,4.693853927805222,4.693853927805222,0.40080488857942953
2022-03-01,575.1339721679688,0.0089999996125698,410.1674957275391,102.9700002670288,4.836018899812151,1.784876471224365,1.784876471224365,4.0364378874283915,4.0364378874283915,-0.6574160403768303
2022-04-01,571.4089965820312,0.0010000000474974,390.2299957275391,89.33500099182129,3.3454425285638,0.5625807309968236,0.5625807309968236,2.7334664828051416,2.7334664828051416,-1.30297140462325
2022-05-01,570.4650268554688,0.0049999998882412,542.326670328776,97.15333429972333,2.9072544267301814,0.2032596920881864,0.2032596920881864,3.5250317551120816,3.5250317551120816,0.79156527230694
2022-06-01,570.0360107421875,0.0070000002160668,694.423344930013,104.97166760762532,2.642632860784925,0.0,-0.013734095728498374,3.806775892176944,3.806775892176944,0.28174413706486234
2022-07-01,581.2625122070312,0.0049999998882412,846.52001953125,112.79000091552734,11.278255142054084,7.067610095826967,7.067610095826967,9.40303002348304,9.40303002348304,5.596254131306097
2022-08-01,602.7639770507812,0.0350000001490116,855.5150146484375,120.93999862670898,29.576293190007398,22.072285060454046,22.072285060454046,24.36042586366534,24.36042586366534,14.9573958401823
2022-09-01,605.3410034179688,0.0070000002160668,864.510009765625,129.08999633789062,31.792558008068646,23.889656581018077,23.889656581018077,26.592013970574044,26.592013970574044,2.2315881069087027
2022-10-01,602.614013671875,0.0630000010132789,850.0958404541016,132.12666511535645,29.454729259520633,21.972600752245906,21.972600752245906,24.181107774358225,24.181107774358225,-2.4109061962158194
2022-11-01,591.9739990234375,0.0179999992251396,835.6816711425781,135.1633338928223,20.4864898326382,14.618505343073014,14.618505343073014,16.11099347717817,16.11099347717817,-8.070114297180055
2022-12-01,595.0269775390625,0.090999998152256,816.0249938964844,119.28750228881836,23.007742796310236,16.685971872782908,16.685971872782908,18.09662436683061,18.09662436683061,1.985630889652441
2023-01-01,599.8280029296875,0.0415000011562369,780.1100115094866,122.33428628104072,26.838961777885327,19.827630852078443,19.827630852078443,21.243033511371607,21.243033511371607,3.1464091445409963
2023-02-01,593.6976725260416,0.0426666680335377,737.75,135.10000610351562,22.18707413207009,16.013010841206334,16.013010841206334,16.472388472265777,16.472388472265777,-4.77064503910583
2023-03-01,587.5673421223959,0.0438333349108385,661.1400146484375,89.38999938964844,17.901390081329655,12.498683457367537,12.498683457367537,11.985692112958702,11.985692112958702,-4.486696359307075
2023-04-01,581.43701171875,0.0450000017881393,689.1050109863281,139.3000030517578,13.762961929263017,9.105108194080348,9.105108194080348,8.905773456361004,8.905773456361004,-3.079918656597698
2023-05-01,585.6093343098959,0.0493333339691162,987.8875274658204,134.73500061035156,17.242780899186435,11.958613714322968,11.958613714322968,12.249024726291083,12.249024726291083,3.3432512699300787
2023-06-01,589.7816569010416,0.053666666150093,1286.6700439453125,130.1699981689453,21.97416934202947,15.838425611653324,15.838425611653324,14.549068842742031,14.549068842742031,2.300044116450948
2023-07-01,593.9539794921875,0.0579999983310699,1287.625,130.63500213623047,27.344563902923365,20.24223243546891,20.24223243546891,18.20683618901478,18.20683618901478,3.657767346272749
2023-08-01,612.4824829101562,0.1170000042766332,1288.5799560546875,131.10000610351562,51.21117452317742,39.81322326660255,39.81322326660255,36.75619464993281,36.75619464993281,18.54935846091803
2023-09-01,619.052001953125,0.0020000000949949,1245.8999633789062,114.59500122070312,59.535938072175945,46.639658476910235,46.639658476910235,43.92754606324672,43.92754606324672,7.171351413313914
2023-10-01,622.9679768880209,0.067333334358409,1203.219970703125,98.08999633789062,64.33104147558656,50.571717629995284,50.571717629995284,48.113838538133564,48.113838538133564,4.186292474886841
2023-11-01,621.5706583658854,0.0706666645128279,1300.8900146484375,137.94499969482422,62.58196560425363,49.13744829089759,49.13744829089759,47.30621328062222,47.30621328062222,-0.8076252575113472
2023-12-01,619.1864929199219,0.096999998902902,1237.665018717448,119.85833358764648,59.55611091339051,46.65620051954586,46.65620051954586,44.019250215934846,44.019250215934846,-3.28696306468737
2024-01-01,616.3954925537109,0.1554999974905513,1171.4785679408485,105.83428519112724,56.19457359294366,43.899687786181524,43.899687786181524,40.34870497754332,40.34870497754332,-3.670545238391526
2024-02-01,615.0845031738281,0.0020000000949949,1114.6300048828125,80.44000244140625,54.69619602680517,42.67099494516342,42.67099494516342,38.439519930600795,38.439519930600795,-1.9091850469425253
2024-03-01,614.323974609375,0.0010000000474974,1140.300048828125,140.19000244140625,53.83874518963338,41.967871961366306,41.967871961366306,37.86056165824709,37.86056165824709,-0.5789582723537023
2024-04-01,613.9760131835938,0.003000000026077,1100.6700439453125,81.5199966430664,53.44887993870926,41.648176409592466,41.648176409592466,37.15113974743326,37.15113974743326,-0.7094219108138304
2024-05-01,613.2869873046875,0.2000000029802322,1190.4383748372395,84.28333028157552,52.65976547547358,41.00109031218095,41.00109031218095,37.12885314404758,37.12885314404758,-0.022286603385680337
2024-06-01,614.8243408203125,0.3066666573286056,1280.2067057291667,87.04666392008464,54.55847492998057,42.558061509993514,42.558061509993514,39.32583260797219,39.32583260797219,2.196979463924606
2024-07-01,622.5545043945312,0.1094999965280294,1369.9750366210938,89.80999755859375,64.79968480689487,50.95601242937176,50.95601242937176,48.96436390977436,48.96436390977436,9.638531301802175
2024-08-01,632.1865234375,0.3010000119684264,1459.7433675130208,92.57333119710286,78.42534920399775,62.129268541301656,62.129268541301656,62.25593996184307,62.25593996184307,13.291576052068706
2024-09-01,637.1909790039062,0.0080000003799796,1549.5116984049478,95.33666483561198,85.95407382030503,68.30293948185984,68.30293948185984,70.11580267469759,70.11580267469759,7.859862712854522
2024-10-01,637.2176717122396,0.3176666676687698,1639.280029296875,98.0999984741211,85.9966269417202,68.33783370133253,68.33783370133253,70.72652893900107,70.72652893900107,0.6107262643034801
2024-11-01,636.9789886474609,0.2207500025397166,1648.1099853515625,108.09666697184244,85.60430525155529,68.01612383128686,68.01612383128686,70.4082896963942,70.4082896963942,-0.31823924260686454
2024-12-01,636.0960083007812,0.2349999994039535,1643.5955539279514,102.8500010172526,84.15105005800507,66.82443203554725,66.82443203554725,69.04936257596131,69.04936257596131,-1.3589271204328952
2025-01-01,635.5177978515625,0.1391999983927235,1644.1185825892858,105.13142830984933,83.20055472812503,66.04501112479878,66.04501112479878,68.18093446730938,68.18093446730938,-0.8684281086519263
2025-02-01,634.3639831542969,0.1199999973177909,1629.96396484375,116.5520004272461,81.31171833035657,64.49613598662282,64.49613598662282,66.39672349711878,66.39672349711878,-1.7842109701905997
2025-03-01,633.0805053710938,0.0984999989159405,1593.0900268554688,94.59500122070312,79.24340435661296,62.800086452815535,62.800086452815535,64.34722406541078,64.34722406541078,-2.049499431708
2025-04-01,631.718408203125,0.342800001706928,1567.6099853515625,89.28000259399414,77.09083740473021,61.03494817034205,61.03494817034205,62.26425971197489,62.26425971197489,-2.082964353435898
2025-05-01,629.6876627604166,0.146666665871938,1528.1199951171875,86.19999694824219,73.94760288155273,58.45744711617039,58.45744711617039,59.212871891932195,59.212871891932195,-3.0513878200426916
2025-06-01,628.3543294270834,0.2846666746772825,1548.22998046875,136.83999633789062,71.8967175044545,56.775689301894374,56.775689301894374,57.44968271432555,57.44968271432555,-1.7631891776066482
